ts_utc,spot,strike,call_oi,call_vol,call_last,call_iv,put_oi,put_vol,put_last,put_iv
2026-09-23 18:39,767.72,550.0,0.0,0.0,0.0,0.0,28.0,1.0,0.01,1.875000625
2026-09-23 18:39,767.72,560.0,0.0,0.0,0.0,0.0,60.0,0.0,0.02,1.75000125
2026-09-23 18:39,767.72,565.0,0.0,0.0,0.0,0.0,10.0,0.0,0.02,1.71875140625
2026-09-23 18:39,767.72,570.0,0.0,381.0,198.34,2.7744171264648436,10.0,0.0,0.02,1.6875015625
2026-09-23 18:39,767.72,575.0,0.0,0.0,0.0,0.0,1.0,0.0,0.02,1.625001875
2026-09-23 18:39,767.72,580.0,0.0,0.0,0.0,0.0,1.0,0.0,0.09,1.5625021874999998
2026-09-23 18:39,767.72,585.0,0.0,0.0,0.0,0.0,2.0,0.0,0.05,1.5312523437499999
2026-09-23 18:39,767.72,590.0,0.0,0.0,0.0,0.0,30.0,0.0,0.04,1.5000025
2026-09-23 18:39,767.72,600.0,0.0,364.0,168.43,2.3603556616210932,52.0,0.0,0.04,1.40625296875
2026-09-23 18:39,767.72,605.0,0.0,84.0,163.68,2.2607465356445307,40.0,0.0,0.04,1.3437532812499997
2026-09-23 18:39,767.72,610.0,0.0,811.0,158.37,2.1875045312499997,200.0,0.0,0.01,1.3125034374999998
2026-09-23 18:39,767.72,615.0,0.0,154.0,153.38,2.138676528320312,216.0,200.0,0.01,1.2500037499999999
2026-09-23 18:39,767.72,620.0,0.0,254.0,148.36,2.0439502026367187,69.0,69.0,0.01,1.21875390625
2026-09-23 18:39,767.72,625.0,0.0,390.0,143.37,2.0087940405273432,159.0,143.0,0.02,1.1875040625
2026-09-23 18:39,767.72,630.0,0.0,102.0,138.43,1.9375003125,132.0,1.0,0.01,1.125004375
2026-09-23 18:39,767.72,635.0,0.0,1709.0,133.53,1.8647467700195315,20.0,1.0,0.01,1.09375453125
2026-09-23 18:39,767.72,640.0,0.0,36.0,128.98,1.8310555322265623,35.0,25.0,0.07,1.0625046875000002
2026-09-23 18:39,767.72,645.0,0.0,88.0,123.37,1.7441419042968749,1.0,0.0,0.08,1.000005
2026-09-23 18:39,767.72,650.0,0.0,246.0,118.37,1.6591813916015625,531.0,10.0,0.02,0.9687503125
2026-09-23 18:39,767.72,655.0,0.0,213.0,113.37,1.6005879345703122,57.0,1.0,0.01,0.937500625
2026-09-23 18:39,767.72,660.0,0.0,251.0,109.0,1.5551780053710935,113.0,10.0,0.01,0.87500125
2026-09-23 18:39,767.72,665.0,0.0,127.0,103.96,1.4555691284179688,706.0,71.0,0.02,0.8437515624999999
2026-09-23 18:39,767.72,670.0,0.0,1242.0,98.5,1.4350614184570314,265.0,135.0,0.01,0.8125018749999999
2026-09-23 18:39,767.72,675.0,2.0,1326.0,93.5,1.3369173779296872,423.0,3.0,0.01,0.7656273437500001
2026-09-23 18:39,767.72,680.0,0.0,23.0,89.0,1.26172244140625,147.0,51.0,0.01,0.7187528125
2026-09-23 18:39,767.72,685.0,0.0,360.0,83.35,1.2114297241210936,1543.0,4.0,0.01,0.6875031250000001
2026-09-23 18:39,767.72,690.0,6.0,7.0,77.25,1.158207333984375,1091.0,1504.0,0.02,0.64062859375
2026-09-23 18:39,767.72,695.0,12.0,175.0,74.0,1.0810592822265626,176.0,120.0,0.02,0.5937540625000001
2026-09-23 18:39,767.72,700.0,99.0,107.0,68.47,1.01953615234375,346.0,1.0,0.01,0.5625043750000001
2026-09-23 18:39,767.72,705.0,87.0,211.0,63.28,0.9804689453125001,328.0,6.0,0.01,0.51562984375
2026-09-23 18:39,767.72,710.0,29.0,92.0,58.56,0.883790224609375,1543.0,146.0,0.01,0.51562984375
2026-09-23 18:39,767.72,715.0,12.0,125.0,53.5,0.8237322314453124,1214.0,15.0,0.01,0.4687553125
2026-09-23 18:39,767.72,718.0,0.0,0.0,0.0,0.0,221.0,1.0,0.01,0.445318046875
2026-09-23 18:39,767.72,719.0,8.0,11.0,49.27,0.770510107421875,416.0,16.0,0.01,0.437505625
2026-09-23 18:39,767.72,720.0,20.0,71.0,48.54,0.7812521875,601.0,3.0,0.01,0.42969320312500003
2026-09-23 18:39,767.72,721.0,6.0,283.0,47.22,0.74414318359375,911.0,1.0,0.01,0.42188078125
2026-09-23 18:39,767.72,722.0,4.0,112.0,45.64,0.7334011035156249,922.0,49.0,0.02,0.414068359375
2026-09-23 18:39,767.72,723.0,88.0,30.0,45.2,0.7211941943359376,119.0,27.0,0.01,0.398443515625
2026-09-23 18:39,767.72,724.0,106.0,6.0,44.74,0.727541787109375,1188.0,2521.0,0.01,0.39063109375
2026-09-23 18:39,767.72,725.0,13.0,915.0,43.48,0.6938507177734375,2278.0,25.0,0.01,0.38281867187499996
2026-09-23 18:39,767.72,726.0,13.0,322.0,41.21,0.6804231176757813,189.0,28.0,0.03,0.37500625
2026-09-23 18:39,767.72,727.0,10.0,273.0,40.55,0.6682162084960939,263.0,2.0,0.04,0.367193828125
2026-09-23 18:39,767.72,728.0,30.0,10.0,39.98,0.6538120556640626,430.0,23.0,0.04,0.35938140625
2026-09-23 18:39,767.72,729.0,7.0,43.0,39.39,0.6596713720703126,913.0,10.0,0.02,0.35156898437499995
2026-09-23 18:39,767.72,730.0,85.0,31.0,37.34,0.6269568554687501,1287.0,11.0,0.01,0.3437565625
2026-09-23 18:39,767.72,731.0,46.0,359.0,45.29,0.6137733935546876,1639.0,10.0,0.01,0.335944140625
2026-09-23 18:39,767.72,732.0,63.0,625.0,36.37,0.6001016552734376,1075.0,71.0,0.01,0.32813171874999997
2026-09-23 18:39,767.72,733.0,28.0,1020.0,35.31,0.5937540625000001,2227.0,61.0,0.01,0.32031929687499994
2026-09-23 18:39,767.72,734.0,34.0,80.0,33.21,0.5922892333984376,2305.0,1.0,0.01,0.3086006640625
2026-09-23 18:39,767.72,735.0,64.0,7.0,35.13,0.5576216113281252,668.0,361.0,0.01,0.3007882421875
2026-09-23 18:39,767.72,736.0,77.0,607.0,32.33,0.5441940112304688,507.0,3.0,0.01,0.2929758203124999
2026-09-23 18:39,767.72,737.0,53.0,554.0,31.62,0.5478560839843751,837.0,15.0,0.01,0.28125718749999995
2026-09-23 18:39,767.72,738.0,40.0,231.0,30.92,0.523442265625,859.0,11.0,0.01,0.273444765625
2026-09-23 18:39,767.72,739.0,45.0,192.0,29.58,0.508793974609375,2010.0,11.0,0.01,0.26563234375
2026-09-23 18:39,767.72,740.0,131.0,1404.0,28.46,0.5024463818359376,2499.0,41.0,0.01,0.257819921875
2026-09-23 18:39,767.72,741.0,119.0,205.0,26.85,0.4885305053710938,737.0,18.0,0.01,0.2500075
2026-09-23 18:39,767.72,742.0,51.0,1153.0,26.86,0.477544287109375,1749.0,740.0,0.01,0.242195078125
2026-09-23 18:39,767.72,743.0,53.0,3.0,27.02,0.4694877270507813,1628.0,2.0,0.01,0.23438265625
2026-09-23 18:39,767.72,744.0,105.0,100.0,24.92,0.45508357421875,6858.0,123.0,0.01,0.22266402343749997
2026-09-23 18:39,767.72,745.0,314.0,222.0,23.8,0.44067942138671873,6888.0,5073.0,0.01,0.2148516015625
2026-09-23 18:39,767.72,746.0,208.0,466.0,22.23,0.42017181396484377,1150.0,905.0,0.01,0.20703917968749996
2026-09-23 18:39,767.72,747.0,740.0,931.0,21.8,0.4057676611328125,1324.0,1800.0,0.01,0.1992267578125
2026-09-23 18:39,767.72,748.0,27.0,34.0,20.5,0.40601179931640624,1275.0,8044.0,0.01,0.187508125
2026-09-23 18:39,767.72,749.0,124.0,334.0,18.03,0.3830628100585937,1920.0,4744.0,0.01,0.179695703125
2026-09-23 18:39,767.72,750.0,261.0,853.0,18.93,0.3601138208007812,4479.0,19994.0,0.01,0.17188328125000002
2026-09-23 18:39,767.72,751.0,110.0,594.0,17.68,0.34497725341796875,2754.0,8932.0,0.01,0.16407085937500002
2026-09-23 18:39,767.72,752.0,489.0,1526.0,16.68,0.33130551513671874,1197.0,14697.0,0.01,0.16797707031250003
2026-09-23 18:39,767.72,753.0,195.0,867.0,15.71,0.3147041186523437,1658.0,3695.0,0.02,0.15821154296875
2026-09-23 18:39,767.72,754.0,262.0,1811.0,14.46,0.29834686035156244,5188.0,1442.0,0.01,0.148446015625
2026-09-23 18:39,767.72,755.0,311.0,1368.0,13.44,0.2790599438476562,6172.0,7761.0,0.01,0.13868048828125001
2026-09-23 18:39,767.72,756.0,235.0,680.0,12.38,0.25879647460937505,2443.0,6896.0,0.01,0.1289149609375
2026-09-23 18:39,767.72,757.0,502.0,414.0,11.42,0.24781025634765624,3365.0,4549.0,0.01,0.11914943359374999
2026-09-23 18:39,767.72,758.0,727.0,621.0,10.75,0.24024197265624997,2755.0,5194.0,0.01,0.10938390625
2026-09-23 18:39,767.72,759.0,1151.0,1104.0,9.41,0.21436332519531248,4239.0,5826.0,0.01,0.09961837890625
2026-09-23 18:39,767.72,760.0,4192.0,549.0,8.42,0.1977619287109375,5044.0,25248.0,0.02,0.0898528515625
2026-09-23 18:39,767.72,761.0,918.0,1270.0,7.46,0.19214675048828128,2075.0,13006.0,0.01,0.08008732421875
2026-09-23 18:39,767.72,762.0,2482.0,5336.0,6.51,0.17517914672851562,4629.0,53656.0,0.02,0.07422800781250001
2026-09-23 18:39,767.72,763.0,898.0,3655.0,5.45,0.14820187744140628,3477.0,134811.0,0.03,0.0629976513671875
2026-09-23 18:39,767.72,764.0,446.0,6637.0,4.46,0.1294032373046875,5093.0,235057.0,0.04,0.054696953125
2026-09-23 18:39,767.72,765.0,3357.0,22926.0,3.54,0.1186611572265625,8454.0,428413.0,0.04,0.044443149414062494
2026-09-23 18:39,767.72,766.0,1308.0,46466.0,2.62,0.09961837890625,5867.0,457535.0,0.1,0.03687486572265625
2026-09-23 18:39,767.72,767.0,4022.0,164502.0,1.65,0.07911077148437501,6983.0,553165.0,0.2,0.029672789306640624
2026-09-23 18:39,767.72,768.0,1804.0,342021.0,0.91,0.06507282592773436,6174.0,658236.0,0.46,0.018686571044921878
2026-09-23 18:39,767.72,769.0,3282.0,479714.0,0.41,0.056772127685546875,5329.0,510383.0,0.94,1.0000000000000003e-05
2026-09-23 18:39,767.72,770.0,2847.0,590498.0,0.16,0.054574884033203125,14587.0,426623.0,1.7,1.0000000000000003e-05
2026-09-23 18:39,767.72,771.0,2000.0,472908.0,0.07,0.05542936767578125,7166.0,212343.0,2.53,1.0000000000000003e-05
2026-09-23 18:39,767.72,772.0,5574.0,341016.0,0.03,0.060556269531250005,7551.0,154913.0,3.54,1.0000000000000003e-05
2026-09-23 18:39,767.72,773.0,8523.0,271825.0,0.03,0.07227490234375,9453.0,63041.0,4.6,1.0000000000000003e-05
2026-09-23 18:39,767.72,774.0,10801.0,159134.0,0.02,0.07911077148437501,7593.0,25239.0,5.61,1.0000000000000003e-05
2026-09-23 18:39,767.72,775.0,10804.0,111506.0,0.02,0.0898528515625,5245.0,14949.0,6.64,1.0000000000000003e-05
2026-09-23 18:39,767.72,776.0,11122.0,31950.0,0.02,0.0937590625,1211.0,3133.0,7.54,1.0000000000000003e-05
2026-09-23 18:39,767.72,777.0,8564.0,24422.0,0.01,0.10352458984374999,957.0,3043.0,8.63,1.0000000000000003e-05
2026-09-23 18:39,767.72,778.0,9709.0,24853.0,0.01,0.1132901171875,451.0,2959.0,9.5,1.0000000000000003e-05
2026-09-23 18:39,767.72,779.0,11488.0,8806.0,0.01,0.12305564453125001,223.0,2552.0,10.67,1.0000000000000003e-05
2026-09-23 18:39,767.72,780.0,30679.0,17091.0,0.01,0.132821171875,438.0,2327.0,11.92,1.0000000000000003e-05
2026-09-23 18:39,767.72,781.0,7958.0,3774.0,0.01,0.14063359375,267.0,1144.0,12.63,1.0000000000000003e-05
2026-09-23 18:39,767.72,782.0,5277.0,8670.0,0.01,0.15039912109375003,42.0,107.0,13.63,1.0000000000000003e-05
2026-09-23 18:39,767.72,783.0,5656.0,27145.0,0.01,0.1601646484375,25.0,968.0,14.63,1.0000000000000003e-05
2026-09-23 18:39,767.72,784.0,4805.0,14327.0,0.01,0.1562584375,0.0,1023.0,15.52,1.0000000000000003e-05
2026-09-23 18:39,767.72,785.0,6266.0,8593.0,0.01,0.16407085937500002,0.0,208.0,16.64,1.0000000000000003e-05
2026-09-23 18:39,767.72,786.0,3324.0,10312.0,0.01,0.17188328125000002,1.0,232.0,17.63,1.0000000000000003e-05
2026-09-23 18:39,767.72,787.0,1804.0,12841.0,0.01,0.179695703125,0.0,413.0,18.6,1.0000000000000003e-05
2026-09-23 18:39,767.72,788.0,1645.0,58.0,0.01,0.187508125,0.0,429.0,19.33,1.0000000000000003e-05
2026-09-23 18:39,767.72,789.0,1266.0,439.0,0.01,0.195320546875,0.0,498.0,20.49,1.0000000000000003e-05
2026-09-23 18:39,767.72,790.0,1502.0,190.0,0.01,0.20313296874999998,0.0,10.0,21.72,1.0000000000000003e-05
2026-09-23 18:39,767.72,791.0,1834.0,20.0,0.01,0.2148516015625,0.0,809.0,22.59,1.0000000000000003e-05
2026-09-23 18:39,767.72,792.0,1814.0,36.0,0.01,0.22266402343749997,0.0,30.0,23.56,1.0000000000000003e-05
2026-09-23 18:39,767.72,793.0,778.0,2.0,0.01,0.2304764453125,0.0,316.0,24.47,1.0000000000000003e-05
2026-09-23 18:39,767.72,794.0,947.0,9.0,0.01,0.23828886718749998,0.0,374.0,26.49,1.0000000000000003e-05
2026-09-23 18:39,767.72,795.0,748.0,2.0,0.01,0.2461012890625,0.0,141.0,27.07,1.0000000000000003e-05
2026-09-23 18:39,767.72,796.0,392.0,285.0,0.01,0.25391371093750004,0.0,259.0,27.9,1.0000000000000003e-05
2026-09-23 18:39,767.72,797.0,706.0,1.0,0.01,0.2617261328125,0.0,215.0,28.47,1.0000000000000003e-05
2026-09-23 18:39,767.72,798.0,652.0,3703.0,0.01,0.2695385546875,0.0,1024.0,29.72,1.0000000000000003e-05
2026-09-23 18:39,767.72,799.0,663.0,10.0,0.01,0.27735097656249996,0.0,217.0,31.92,1.0000000000000003e-05
2026-09-23 18:39,767.72,800.0,6565.0,5.0,0.01,0.28516339843749994,1.0,300.0,31.35,1.0000000000000003e-05
2026-09-23 18:39,767.72,801.0,9780.0,1182.0,0.01,0.2929758203124999,0.0,338.0,32.67,1.0000000000000003e-05
2026-09-23 18:39,767.72,802.0,775.0,230.0,0.01,0.3007882421875,0.0,9.0,33.43,1.0000000000000003e-05
2026-09-23 18:39,767.72,803.0,237.0,80.0,0.01,0.3086006640625,0.0,119.0,35.89,1.0000000000000003e-05
2026-09-23 18:39,767.72,804.0,1151.0,55.0,0.01,0.31250687499999996,0.0,9.0,36.96,1.0000000000000003e-05
2026-09-23 18:39,767.72,805.0,284.0,667.0,0.01,0.32031929687499994,0.0,18.0,36.37,1.0000000000000003e-05
2026-09-23 18:39,767.72,806.0,1327.0,1284.0,0.01,0.32813171874999997,0.0,6.0,38.02,1.0000000000000003e-05
2026-09-23 18:39,767.72,807.0,5384.0,60.0,0.02,0.335944140625,0.0,114.0,38.16,1.0000000000000003e-05
2026-09-23 18:39,767.72,808.0,5436.0,420.0,0.01,0.3437565625,0.0,70.0,39.5,1.0000000000000003e-05
2026-09-23 18:39,767.72,809.0,0.0,0.0,0.0,0.0,0.0,8.0,39.63,1.0000000000000003e-05
2026-09-23 18:39,767.72,810.0,103.0,263.0,0.01,0.35938140625,0.0,38.0,41.94,1.0000000000000003e-05
2026-09-23 18:39,767.72,815.0,254.0,0.0,0.01,0.398443515625,0.0,737.0,46.95,1.0000000000000003e-05
2026-09-23 18:39,767.72,820.0,100.0,100.0,0.01,0.437505625,0.0,123.0,51.6,1.0000000000000003e-05
2026-09-23 18:39,767.72,825.0,0.0,0.0,0.0,0.0,0.0,219.0,56.65,1.0000000000000003e-05
2026-09-23 18:39,767.72,830.0,0.0,0.0,0.0,0.0,0.0,88.0,61.54,1.0000000000000003e-05
2026-09-23 18:39,767.72,835.0,0.0,0.0,0.0,0.0,0.0,171.0,66.52,1.0000000000000003e-05
2026-09-23 18:39,767.72,840.0,43.0,1.0,0.01,0.5468795312500001,0.0,369.0,71.92,1.0000000000000003e-05
2026-09-23 18:39,767.72,845.0,0.0,0.0,0.0,0.0,0.0,0.0,71.04,1.0000000000000003e-05
2026-09-23 18:39,767.72,850.0,4.0,0.0,0.01,0.64062859375,0.0,7.0,81.71,1.0000000000000003e-05
2026-09-23 18:39,767.72,855.0,0.0,0.0,0.0,0.0,0.0,1.0,81.74,1.0000000000000003e-05
2026-09-23 18:39,767.72,860.0,0.0,0.0,0.0,0.0,0.0,30.0,91.95,1.0000000000000003e-05
2026-09-23 18:39,767.72,865.0,0.0,0.0,0.0,0.0,0.0,34.0,97.16,1.0000000000000003e-05
2026-09-23 18:39,767.72,870.0,429.0,0.0,0.01,0.73437765625,0.0,1.0,99.33,1.0000000000000003e-05
2026-09-23 18:39,767.72,875.0,0.0,0.0,0.0,0.0,0.0,138.0,106.57,1.0000000000000003e-05
2026-09-23 18:39,767.72,880.0,0.0,0.0,0.0,0.0,0.0,74.0,111.61,1.0000000000000003e-05
2026-09-23 18:39,767.72,885.0,1.0,0.0,0.01,0.8281267187499999,0.0,283.0,116.4,1.0000000000000003e-05
2026-09-23 18:39,767.72,890.0,0.0,0.0,0.0,0.0,0.0,7.0,121.88,1.0000000000000003e-05
2026-09-23 18:39,767.72,895.0,0.0,0.0,0.0,0.0,0.0,3.0,126.15,1.0000000000000003e-05
2026-09-23 18:39,767.72,900.0,0.0,0.0,0.0,0.0,0.0,4.0,131.74,1.0000000000000003e-05
2026-09-23 18:39,767.72,905.0,0.0,0.0,0.0,0.0,0.0,11.0,136.23,1.0000000000000003e-05
2026-09-23 18:39,767.72,910.0,0.0,0.0,0.0,0.0,0.0,4.0,141.23,1.0000000000000003e-05
2026-09-23 18:39,767.72,915.0,2.0,0.0,0.01,1.0625046875000002,0.0,17.0,146.58,1.0000000000000003e-05
2026-09-23 18:39,767.72,920.0,0.0,0.0,0.0,0.0,0.0,3.0,151.49,1.0000000000000003e-05
2026-09-23 18:39,767.72,925.0,0.0,0.0,0.0,0.0,0.0,0.0,158.55,1.0000000000000003e-05
2026-09-23 18:39,767.72,930.0,0.0,0.0,0.0,0.0,0.0,58.0,162.85,1.0000000000000003e-05
2026-09-23 18:39,767.72,935.0,0.0,0.0,0.0,0.0,0.0,0.0,168.62,1.0000000000000003e-05
2026-09-23 18:39,767.72,940.0,0.0,0.0,0.0,0.0,0.0,18.0,171.8,1.0000000000000003e-05
2026-09-23 18:39,767.72,945.0,0.0,0.0,0.0,0.0,0.0,598.0,177.08,1.0000000000000003e-05
2026-09-23 18:39,767.72,950.0,1.0,20.0,0.01,1.1875040625,0.0,0.0,183.59,1.0000000000000003e-05
