ts_utc,ticker,expiry,spot,max_pain,gap_pct,total_value_at_mp,call_oi,put_oi,pc_ratio,strikes
2026-09-18 03:21,SPY,2026-09-18,762.68,755.0,-1.007,1656581100.0,1320262,3938697,2.983,321
2026-09-18 03:21,SPY,2026-09-21,762.68,757.0,-0.745,12253900.0,75719,79570,1.051,119
2026-09-18 03:21,QQQ,2026-09-18,716.87,700.0,-2.353,1374487100.0,1158564,1530586,1.321,265
2026-09-18 03:21,QQQ,2026-09-21,716.87,715.0,-0.261,8456400.0,31021,95333,3.073,133
2026-09-18 03:21,IWM,2026-09-18,285.41,290.0,1.608,172754300.0,643824,1660749,2.58,119
2026-09-18 03:21,IWM,2026-09-21,285.41,280.0,-1.896,4809450.0,23648,45315,1.916,65
2026-09-18 17:13,SPY,2026-09-18,759.14,765.0,0.772,173650000.0,1086778,4088011,3.762,321
2026-09-18 17:13,SPY,2026-09-21,759.14,760.0,0.113,5760400.0,113639,108706,0.957,119
2026-09-18 17:13,QQQ,2026-09-18,716.83,701.0,-2.208,1448950700.0,1186891,1576365,1.328,265
2026-09-18 17:13,QQQ,2026-09-21,716.83,715.0,-0.255,9760400.0,61419,146995,2.393,133
2026-09-18 17:13,IWM,2026-09-18,283.05,289.0,2.102,157154500.0,645790,1566699,2.426,119
2026-09-18 17:13,IWM,2026-09-21,283.05,283.0,-0.018,6515800.0,32358,53149,1.643,65
2026-09-18 17:53,SPY,2026-09-18,759.84,765.0,0.679,173650000.0,1086778,4088011,3.762,321
2026-09-18 17:53,SPY,2026-09-21,759.84,760.0,0.021,5760400.0,113639,108706,0.957,119
2026-09-18 17:53,QQQ,2026-09-18,717.57,701.0,-2.309,1448950700.0,1186891,1576365,1.328,265
2026-09-18 17:53,QQQ,2026-09-21,717.57,715.0,-0.358,9760400.0,61419,146995,2.393,133
2026-09-18 17:53,IWM,2026-09-18,283.38,289.0,1.983,157154500.0,645790,1566699,2.426,119
2026-09-18 17:53,IWM,2026-09-21,283.38,283.0,-0.134,6515800.0,32358,53149,1.643,65
2026-09-18 19:51,SPY,2026-09-18,761.33,765.0,0.482,173650000.0,1086778,4088011,3.762,321
2026-09-18 19:51,SPY,2026-09-21,761.33,760.0,-0.175,5760400.0,113639,108706,0.957,119
2026-09-18 19:51,QQQ,2026-09-18,719.93,701.0,-2.629,1448950700.0,1186891,1576365,1.328,265
2026-09-18 19:51,QQQ,2026-09-21,719.93,715.0,-0.685,9760400.0,61419,146995,2.393,133
2026-09-18 19:51,IWM,2026-09-18,283.93,289.0,1.786,157154500.0,645790,1566699,2.426,119
2026-09-18 19:51,IWM,2026-09-21,283.93,283.0,-0.328,6515800.0,32358,53149,1.643,65
2026-09-18 21:05,SPY,2026-09-18,761.63,765.0,0.442,173650000.0,1086778,4088011,3.762,321
2026-09-18 21:05,SPY,2026-09-21,761.63,760.0,-0.214,5760400.0,113639,108706,0.957,119
2026-09-18 21:05,QQQ,2026-09-18,721.36,701.0,-2.822,1448950700.0,1186891,1576365,1.328,265
2026-09-18 21:05,QQQ,2026-09-21,721.36,715.0,-0.882,9760400.0,61419,146995,2.393,133
2026-09-18 21:05,IWM,2026-09-18,284.02,289.0,1.753,157154500.0,645790,1566699,2.426,119
2026-09-18 21:05,IWM,2026-09-21,284.02,283.0,-0.359,6515800.0,32358,53149,1.643,65
2026-09-18 21:56,SPY,2026-09-18,761.63,765.0,0.442,173650000.0,1086778,4088011,3.762,321
2026-09-18 21:56,SPY,2026-09-21,761.63,760.0,-0.214,5760400.0,113639,108706,0.957,119
2026-09-18 21:56,QQQ,2026-09-18,721.36,701.0,-2.822,1448950700.0,1186891,1576365,1.328,265
2026-09-18 21:56,QQQ,2026-09-21,721.36,715.0,-0.882,9760400.0,61419,146995,2.393,133
2026-09-18 21:56,IWM,2026-09-18,284.02,289.0,1.753,157154500.0,645790,1566699,2.426,119
2026-09-18 21:56,IWM,2026-09-21,284.02,283.0,-0.359,6515800.0,32358,53149,1.643,65
2026-09-18 22:50,SPY,2026-09-18,761.63,765.0,0.442,173650000.0,1086778,4088011,3.762,321
2026-09-18 22:50,SPY,2026-09-21,761.63,760.0,-0.214,5760400.0,113639,108706,0.957,119
2026-09-18 22:50,QQQ,2026-09-18,721.36,701.0,-2.822,1448950700.0,1186891,1576365,1.328,265
2026-09-18 22:50,QQQ,2026-09-21,721.36,715.0,-0.882,9760400.0,61419,146995,2.393,133
2026-09-18 22:50,IWM,2026-09-18,284.02,289.0,1.753,157154500.0,645790,1566699,2.426,119
2026-09-18 22:50,IWM,2026-09-21,284.02,283.0,-0.359,6515800.0,32358,53149,1.643,65
2026-09-21 18:54,SPY,2026-09-21,774.59,761.0,-1.754,16745200.0,169382,283692,1.675,141
2026-09-21 18:54,SPY,2026-09-22,774.59,760.0,-1.884,7243400.0,99675,121723,1.221,132
2026-09-21 18:54,QQQ,2026-09-21,741.57,719.0,-3.044,9253300.0,140857,255054,1.811,151
2026-09-21 18:54,QQQ,2026-09-22,741.57,718.0,-3.178,3081600.0,60462,64031,1.059,142
2026-09-21 18:54,IWM,2026-09-21,286.34,283.0,-1.166,6191350.0,42734,67163,1.572,73
2026-09-21 18:54,IWM,2026-09-22,286.34,285.0,-0.468,2741400.0,30175,30070,0.997,60
2026-09-21 19:44,SPY,2026-09-21,774.43,761.0,-1.734,16745200.0,169382,283692,1.675,141
2026-09-21 19:44,SPY,2026-09-22,774.43,760.0,-1.863,7243400.0,99675,121723,1.221,132
2026-09-21 19:44,QQQ,2026-09-21,742.54,719.0,-3.17,9253300.0,140857,255054,1.811,151
2026-09-21 19:44,QQQ,2026-09-22,742.54,718.0,-3.305,3081600.0,60462,64031,1.059,142
2026-09-21 19:44,IWM,2026-09-21,286.2,283.0,-1.12,6191350.0,42734,67163,1.572,73
2026-09-21 19:44,IWM,2026-09-22,286.2,285.0,-0.421,2741400.0,30175,30070,0.997,60
2026-09-21 21:10,SPY,2026-09-21,773.52,761.0,-1.619,16745200.0,169382,283692,1.675,141
2026-09-21 21:10,SPY,2026-09-22,773.52,760.0,-1.748,7243400.0,99675,121723,1.221,132
2026-09-21 21:10,QQQ,2026-09-21,741.45,719.0,-3.028,9253300.0,140857,255054,1.811,151
2026-09-21 21:10,QQQ,2026-09-22,741.45,718.0,-3.163,3081600.0,60462,64031,1.059,142
2026-09-21 21:10,IWM,2026-09-21,285.54,283.0,-0.89,6191350.0,42734,67163,1.572,73
2026-09-21 21:10,IWM,2026-09-22,285.54,285.0,-0.189,2741400.0,30175,30070,0.997,60
2026-09-21 22:06,SPY,2026-09-21,773.52,761.0,-1.619,16745200.0,169382,283692,1.675,141
2026-09-21 22:06,SPY,2026-09-22,773.52,760.0,-1.748,7243400.0,99675,121723,1.221,132
2026-09-21 22:06,QQQ,2026-09-21,741.45,719.0,-3.028,9253300.0,140857,255054,1.811,151
2026-09-21 22:06,QQQ,2026-09-22,741.45,718.0,-3.163,3081600.0,60462,64031,1.059,142
2026-09-21 22:06,IWM,2026-09-21,285.54,283.0,-0.89,6191350.0,42734,67163,1.572,73
2026-09-21 22:06,IWM,2026-09-22,285.54,285.0,-0.189,2741400.0,30175,30070,0.997,60
2026-09-21 22:50,SPY,2026-09-21,773.52,761.0,-1.619,16745200.0,169382,283692,1.675,141
2026-09-21 22:50,SPY,2026-09-22,773.52,760.0,-1.748,7243400.0,99675,121723,1.221,132
2026-09-21 22:50,QQQ,2026-09-21,741.45,719.0,-3.028,9253300.0,140857,255054,1.811,151
2026-09-21 22:50,QQQ,2026-09-22,741.45,718.0,-3.163,3081600.0,60462,64031,1.059,142
2026-09-21 22:50,IWM,2026-09-21,285.54,283.0,-0.89,6191350.0,42734,67163,1.572,73
2026-09-21 22:50,IWM,2026-09-22,285.54,285.0,-0.189,2741400.0,30175,30070,0.997,60
2026-09-21 23:40,SPY,2026-09-21,773.52,761.0,-1.619,16745200.0,169382,283692,1.675,141
2026-09-21 23:40,SPY,2026-09-22,773.52,760.0,-1.748,7243400.0,99675,121723,1.221,132
2026-09-21 23:40,QQQ,2026-09-21,741.45,719.0,-3.028,9253300.0,140857,255054,1.811,151
2026-09-21 23:40,QQQ,2026-09-22,741.45,718.0,-3.163,3081600.0,60462,64031,1.059,142
2026-09-21 23:40,IWM,2026-09-21,285.54,283.0,-0.89,6191350.0,42734,67163,1.572,73
2026-09-21 23:40,IWM,2026-09-22,285.54,285.0,-0.189,2741400.0,30175,30070,0.997,60
2026-09-22 17:45,SPY,2026-09-22,773.55,770.0,-0.459,43103400.0,233318,283146,1.214,132
2026-09-22 17:45,SPY,2026-09-23,773.55,769.0,-0.588,28463000.0,135085,123223,0.912,130
2026-09-22 17:45,QQQ,2026-09-22,745.47,732.0,-1.807,32031700.0,172489,206910,1.2,142
2026-09-22 17:45,QQQ,2026-09-23,745.47,738.0,-1.002,6006500.0,13790,96699,7.012,143
2026-09-22 17:45,IWM,2026-09-22,287.28,286.0,-0.446,3044500.0,37660,52315,1.389,60
2026-09-22 17:45,IWM,2026-09-23,287.28,284.0,-1.142,3439450.0,29691,29090,0.98,65
2026-09-22 18:17,SPY,2026-09-22,774.01,770.0,-0.518,43103400.0,233318,283146,1.214,132
2026-09-22 18:17,SPY,2026-09-23,774.01,769.0,-0.647,28463000.0,135085,123223,0.912,130
2026-09-22 18:17,QQQ,2026-09-22,746.42,732.0,-1.932,32031700.0,172489,206910,1.2,142
2026-09-22 18:17,QQQ,2026-09-23,746.42,738.0,-1.128,6006500.0,13790,96699,7.012,143
2026-09-22 18:17,IWM,2026-09-22,287.86,286.0,-0.644,3044500.0,37660,52315,1.389,60
2026-09-22 18:17,IWM,2026-09-23,287.86,284.0,-1.339,3439450.0,29691,29090,0.98,65
2026-09-22 20:21,SPY,2026-09-22,773.44,770.0,-0.445,43103400.0,233318,283146,1.214,132
2026-09-22 20:21,SPY,2026-09-23,773.44,769.0,-0.574,28463000.0,135085,123223,0.912,130
2026-09-22 20:21,QQQ,2026-09-22,747.47,732.0,-2.069,32031700.0,172489,206910,1.2,142
2026-09-22 20:21,QQQ,2026-09-23,747.47,738.0,-1.266,6006500.0,13790,96699,7.012,143
2026-09-22 20:21,IWM,2026-09-22,287.15,286.0,-0.4,3044500.0,37660,52315,1.389,60
2026-09-22 20:21,IWM,2026-09-23,287.15,284.0,-1.097,3439450.0,29691,29090,0.98,65
2026-09-22 21:32,SPY,2026-09-22,773.44,770.0,-0.445,43103400.0,233318,283146,1.214,132
2026-09-22 21:32,SPY,2026-09-23,773.44,769.0,-0.574,28463000.0,135085,123223,0.912,130
2026-09-22 21:32,QQQ,2026-09-22,747.47,732.0,-2.069,32031700.0,172489,206910,1.2,142
2026-09-22 21:32,QQQ,2026-09-23,747.47,738.0,-1.266,6006500.0,13790,96699,7.012,143
2026-09-22 21:32,IWM,2026-09-22,287.15,286.0,-0.4,3044500.0,37660,52315,1.389,60
2026-09-22 21:32,IWM,2026-09-23,287.15,284.0,-1.097,3439450.0,29691,29090,0.98,65
2026-09-22 22:26,SPY,2026-09-22,773.44,770.0,-0.445,43103400.0,233318,283146,1.214,132
2026-09-22 22:26,SPY,2026-09-23,773.44,769.0,-0.574,28463000.0,135085,123223,0.912,130
2026-09-22 22:26,QQQ,2026-09-22,747.47,732.0,-2.069,32031700.0,172489,206910,1.2,142
2026-09-22 22:26,QQQ,2026-09-23,747.47,738.0,-1.266,6006500.0,13790,96699,7.012,143
2026-09-22 22:26,IWM,2026-09-22,287.15,286.0,-0.4,3044500.0,37660,52315,1.389,60
2026-09-22 22:26,IWM,2026-09-23,287.15,284.0,-1.097,3439450.0,29691,29090,0.98,65
2026-09-22 23:17,SPY,2026-09-22,773.44,770.0,-0.445,43103400.0,233318,283146,1.214,132
2026-09-22 23:17,SPY,2026-09-23,773.44,769.0,-0.574,28463000.0,135085,123223,0.912,130
2026-09-22 23:17,QQQ,2026-09-22,747.47,732.0,-2.069,32031700.0,172489,206910,1.2,142
2026-09-22 23:17,QQQ,2026-09-23,747.47,738.0,-1.266,6006500.0,13790,96699,7.012,143
2026-09-22 23:17,IWM,2026-09-22,287.15,286.0,-0.4,3044500.0,37660,52315,1.389,60
2026-09-22 23:17,IWM,2026-09-23,287.15,284.0,-1.097,3439450.0,29691,29090,0.98,65
2026-09-23 17:59,SPY,2026-09-23,768.95,771.0,0.267,40234300.0,221935,200028,0.901,153
2026-09-23 17:59,SPY,2026-09-24,768.95,768.0,-0.123,24221100.0,81217,103761,1.278,138
2026-09-23 17:59,QQQ,2026-09-23,741.19,747.0,0.784,10814900.0,18982,217867,11.478,175
2026-09-23 17:59,QQQ,2026-09-24,741.19,732.0,-1.24,28956200.0,55124,71480,1.297,150
2026-09-23 17:59,IWM,2026-09-23,282.97,286.0,1.071,4447750.0,39854,47788,1.199,65
2026-09-23 17:59,IWM,2026-09-24,282.97,287.0,1.424,1290750.0,23109,19201,0.831,58
2026-09-23 18:39,SPY,2026-09-23,767.72,771.0,0.427,40234300.0,221935,200028,0.901,153
2026-09-23 18:39,SPY,2026-09-24,767.72,768.0,0.036,24221100.0,81217,103761,1.278,138
2026-09-23 18:39,QQQ,2026-09-23,740.34,747.0,0.9,10814900.0,18982,217867,11.478,175
2026-09-23 18:39,QQQ,2026-09-24,740.34,732.0,-1.127,28956200.0,55124,71480,1.297,150
2026-09-23 18:39,IWM,2026-09-23,282.31,286.0,1.307,4447750.0,39854,47788,1.199,65
2026-09-23 18:39,IWM,2026-09-24,282.31,287.0,1.661,1290750.0,23109,19201,0.831,58
2026-09-23 20:36,SPY,2026-09-23,767.78,771.0,0.419,40234300.0,221935,200028,0.901,153
2026-09-23 20:36,SPY,2026-09-24,767.78,768.0,0.029,24221100.0,81217,103761,1.278,138
2026-09-23 20:36,QQQ,2026-09-23,741.17,747.0,0.787,10814900.0,18982,217867,11.478,175
2026-09-23 20:36,QQQ,2026-09-24,741.17,732.0,-1.237,28956200.0,55124,71480,1.297,150
2026-09-23 20:36,IWM,2026-09-23,281.96,286.0,1.433,4447750.0,39854,47788,1.199,65
2026-09-23 20:36,IWM,2026-09-24,281.96,287.0,1.787,1290750.0,23109,19201,0.831,58
2026-09-23 21:38,SPY,2026-09-23,767.78,771.0,0.419,40234300.0,221935,200028,0.901,153
2026-09-23 21:38,SPY,2026-09-24,767.78,768.0,0.029,24221100.0,81217,103761,1.278,138
2026-09-23 21:38,QQQ,2026-09-23,741.17,747.0,0.787,10814900.0,18982,217867,11.478,175
2026-09-23 21:38,QQQ,2026-09-24,741.17,732.0,-1.237,28956200.0,55124,71480,1.297,150
2026-09-23 21:38,IWM,2026-09-23,281.96,286.0,1.433,4447750.0,39854,47788,1.199,65
2026-09-23 21:38,IWM,2026-09-24,281.96,287.0,1.787,1290750.0,23109,19201,0.831,58
2026-09-23 22:29,SPY,2026-09-23,767.78,771.0,0.419,40234300.0,221935,200028,0.901,153
2026-09-23 22:29,SPY,2026-09-24,767.78,768.0,0.029,24221100.0,81217,103761,1.278,138
2026-09-23 22:29,QQQ,2026-09-23,741.17,747.0,0.787,10814900.0,18982,217867,11.478,175
2026-09-23 22:29,QQQ,2026-09-24,741.17,732.0,-1.237,28956200.0,55124,71480,1.297,150
2026-09-23 22:29,IWM,2026-09-23,281.96,286.0,1.433,4447750.0,39854,47788,1.199,65
2026-09-23 22:29,IWM,2026-09-24,281.96,287.0,1.787,1290750.0,23109,19201,0.831,58
2026-09-23 23:11,SPY,2026-09-23,767.78,771.0,0.419,40234300.0,221935,200028,0.901,153
2026-09-23 23:11,SPY,2026-09-24,767.78,768.0,0.029,24221100.0,81217,103761,1.278,138
2026-09-23 23:11,QQQ,2026-09-23,741.17,747.0,0.787,10814900.0,18982,217867,11.478,175
2026-09-23 23:11,QQQ,2026-09-24,741.17,732.0,-1.237,28956200.0,55124,71480,1.297,150
2026-09-23 23:11,IWM,2026-09-23,281.96,286.0,1.433,4447750.0,39854,47788,1.199,65
2026-09-23 23:11,IWM,2026-09-24,281.96,287.0,1.787,1290750.0,23109,19201,0.831,58
2026-09-24 17:57,SPY,2026-09-24,766.78,768.0,0.159,28852200.0,158905,225166,1.417,138
2026-09-24 17:57,SPY,2026-09-25,766.78,767.0,0.029,56632400.0,343191,676964,1.973,170
2026-09-24 17:57,QQQ,2026-09-24,739.44,740.0,0.076,37379500.0,126741,275451,2.173,150
2026-09-24 17:57,QQQ,2026-09-25,739.44,735.0,-0.6,115052100.0,229516,552366,2.407,183
2026-09-24 17:57,IWM,2026-09-24,281.0,284.0,1.068,2739650.0,39271,36350,0.926,58
2026-09-24 17:57,IWM,2026-09-25,281.0,285.0,1.423,8994850.0,223450,158866,0.711,110
2026-09-24 18:40,SPY,2026-09-24,767.51,768.0,0.064,28852200.0,158905,225166,1.417,138
2026-09-24 18:40,SPY,2026-09-25,767.51,767.0,-0.066,56632400.0,343191,676964,1.973,170
2026-09-24 18:40,QQQ,2026-09-24,740.46,740.0,-0.062,37379500.0,126741,275451,2.173,150
2026-09-24 18:40,QQQ,2026-09-25,740.46,735.0,-0.737,115052100.0,229516,552366,2.407,183
2026-09-24 18:40,IWM,2026-09-24,281.67,284.0,0.827,2739650.0,39271,36350,0.926,58
2026-09-24 18:40,IWM,2026-09-25,281.67,285.0,1.182,8994850.0,223450,158866,0.711,110
2026-09-24 20:39,SPY,2026-09-24,767.24,768.0,0.099,28852200.0,158905,225166,1.417,138
2026-09-24 20:39,SPY,2026-09-25,767.24,767.0,-0.031,56632400.0,343191,676964,1.973,170
2026-09-24 20:39,QQQ,2026-09-24,741.06,740.0,-0.143,37379500.0,126741,275451,2.173,150
2026-09-24 20:39,QQQ,2026-09-25,741.06,735.0,-0.818,115052100.0,229516,552366,2.407,183
2026-09-24 20:39,IWM,2026-09-24,281.66,284.0,0.831,2739650.0,39271,36350,0.926,58
2026-09-24 20:39,IWM,2026-09-25,281.66,285.0,1.186,8994850.0,223450,158866,0.711,110
2026-09-24 21:39,SPY,2026-09-24,767.24,768.0,0.099,28852200.0,158905,225166,1.417,138
2026-09-24 21:39,SPY,2026-09-25,767.24,767.0,-0.031,56632400.0,343191,676964,1.973,170
2026-09-24 21:39,QQQ,2026-09-24,741.06,740.0,-0.143,37379500.0,126741,275451,2.173,150
2026-09-24 21:39,QQQ,2026-09-25,741.06,735.0,-0.818,115052100.0,229516,552366,2.407,183
2026-09-24 21:39,IWM,2026-09-24,281.66,284.0,0.831,2739650.0,39271,36350,0.926,58
2026-09-24 21:39,IWM,2026-09-25,281.66,285.0,1.186,8994850.0,223450,158866,0.711,110
2026-09-24 22:44,SPY,2026-09-24,767.24,768.0,0.099,28852200.0,158905,225166,1.417,138
2026-09-24 22:44,SPY,2026-09-25,767.24,767.0,-0.031,56632400.0,343191,676964,1.973,170
2026-09-24 22:44,QQQ,2026-09-24,741.06,740.0,-0.143,37379500.0,126741,275451,2.173,150
2026-09-24 22:44,QQQ,2026-09-25,741.06,735.0,-0.818,115052100.0,229516,552366,2.407,183
2026-09-24 22:44,IWM,2026-09-24,281.66,284.0,0.831,2739650.0,39271,36350,0.926,58
2026-09-24 22:44,IWM,2026-09-25,281.66,285.0,1.186,8994850.0,223450,158866,0.711,110
2026-09-24 23:30,SPY,2026-09-24,767.24,768.0,0.099,28852200.0,158905,225166,1.417,138
2026-09-24 23:30,SPY,2026-09-25,767.24,767.0,-0.031,56632400.0,343191,676964,1.973,170
2026-09-24 23:30,QQQ,2026-09-24,741.06,740.0,-0.143,37379500.0,126741,275451,2.173,150
2026-09-24 23:30,QQQ,2026-09-25,741.06,735.0,-0.818,115052100.0,229516,552366,2.407,183
2026-09-24 23:30,IWM,2026-09-24,281.66,284.0,0.831,2739650.0,39271,36350,0.926,58
2026-09-24 23:30,IWM,2026-09-25,281.66,285.0,1.186,8994850.0,223450,158866,0.711,110
2026-09-25 18:04,SPY,2026-09-25,771.08,766.0,-0.659,51962000.0,418465,767840,1.835,170
2026-09-25 18:04,SPY,2026-09-28,771.08,768.0,-0.399,20805100.0,105281,114179,1.085,135
2026-09-25 18:04,QQQ,2026-09-25,744.89,735.0,-1.328,115461800.0,295021,618506,2.096,183
2026-09-25 18:04,QQQ,2026-09-28,744.89,737.0,-1.059,24751800.0,74574,169359,2.271,169
2026-09-25 18:04,IWM,2026-09-25,281.85,283.0,0.408,8127500.0,249028,143272,0.575,110
2026-09-25 18:04,IWM,2026-09-28,281.85,283.0,0.408,1584700.0,60630,30175,0.498,61
2026-09-25 18:53,SPY,2026-09-25,770.82,766.0,-0.625,51962000.0,418465,767840,1.835,170
2026-09-25 18:53,SPY,2026-09-28,770.82,768.0,-0.366,20805100.0,105281,114179,1.085,135
2026-09-25 18:53,QQQ,2026-09-25,744.31,735.0,-1.251,115461800.0,295021,618506,2.096,183
2026-09-25 18:53,QQQ,2026-09-28,744.31,737.0,-0.983,24751800.0,74574,169359,2.271,169
2026-09-25 18:53,IWM,2026-09-25,282.22,283.0,0.276,8127500.0,249028,143272,0.575,110
2026-09-25 18:53,IWM,2026-09-28,282.22,283.0,0.276,1584700.0,60630,30175,0.498,61
2026-09-25 20:38,SPY,2026-09-25,771.3,766.0,-0.687,51962000.0,418465,767840,1.835,170
2026-09-25 20:38,SPY,2026-09-28,771.3,768.0,-0.428,20805100.0,105281,114179,1.085,135
2026-09-25 20:38,QQQ,2026-09-25,744.44,735.0,-1.268,115461800.0,295021,618506,2.096,183
2026-09-25 20:38,QQQ,2026-09-28,744.44,737.0,-0.999,24751800.0,74574,169359,2.271,169
2026-09-25 20:38,IWM,2026-09-25,281.93,283.0,0.38,8127500.0,249028,143272,0.575,110
2026-09-25 20:38,IWM,2026-09-28,281.93,283.0,0.38,1584700.0,60630,30175,0.498,61
2026-09-25 21:44,SPY,2026-09-25,771.3,766.0,-0.687,51962000.0,418465,767840,1.835,170
2026-09-25 21:44,SPY,2026-09-28,771.3,768.0,-0.428,20805100.0,105281,114179,1.085,135
2026-09-25 21:44,QQQ,2026-09-25,744.44,735.0,-1.268,115461800.0,295021,618506,2.096,183
2026-09-25 21:44,QQQ,2026-09-28,744.44,737.0,-0.999,24751800.0,74574,169359,2.271,169
2026-09-25 21:44,IWM,2026-09-25,281.93,283.0,0.38,8127500.0,249028,143272,0.575,110
2026-09-25 21:44,IWM,2026-09-28,281.93,283.0,0.38,1584700.0,60630,30175,0.498,61
2026-09-25 22:50,SPY,2026-09-25,771.3,766.0,-0.687,51962000.0,418465,767840,1.835,170
2026-09-25 22:50,SPY,2026-09-28,771.3,768.0,-0.428,20805100.0,105281,114179,1.085,135
2026-09-25 22:50,QQQ,2026-09-25,744.44,735.0,-1.268,115461800.0,295021,618506,2.096,183
2026-09-25 22:50,QQQ,2026-09-28,744.44,737.0,-0.999,24751800.0,74574,169359,2.271,169
2026-09-25 22:50,IWM,2026-09-25,281.93,283.0,0.38,8127500.0,249028,143272,0.575,110
2026-09-25 22:50,IWM,2026-09-28,281.93,283.0,0.38,1584700.0,60630,30175,0.498,61
2026-09-25 23:36,SPY,2026-09-25,771.3,766.0,-0.687,51962000.0,418465,767840,1.835,170
2026-09-25 23:36,SPY,2026-09-28,771.3,768.0,-0.428,20805100.0,105281,114179,1.085,135
2026-09-25 23:36,QQQ,2026-09-25,744.44,735.0,-1.268,115461800.0,295021,618506,2.096,183
2026-09-25 23:36,QQQ,2026-09-28,744.44,737.0,-0.999,24751800.0,74574,169359,2.271,169
2026-09-25 23:36,IWM,2026-09-25,281.93,283.0,0.38,8127500.0,249028,143272,0.575,110
2026-09-25 23:36,IWM,2026-09-28,281.93,283.0,0.38,1584700.0,60630,30175,0.498,61
2026-09-28 20:14,SPY,2026-09-28,765.5,770.0,0.588,32690400.0,179743,222849,1.24,155
2026-09-28 20:14,SPY,2026-09-29,765.5,768.0,0.327,31476300.0,66871,106494,1.593,151
2026-09-28 20:14,QQQ,2026-09-28,736.54,742.0,0.741,35896200.0,145737,286197,1.964,185
2026-09-28 20:14,QQQ,2026-09-29,736.54,740.0,0.47,16117900.0,54351,158959,2.925,182
2026-09-28 20:14,IWM,2026-09-28,280.05,282.0,0.696,2085800.0,90898,46864,0.516,62
2026-09-28 20:14,IWM,2026-09-29,280.05,283.0,1.053,1242400.0,19615,16133,0.822,58
2026-09-28 20:49,SPY,2026-09-28,765.5,770.0,0.588,32690400.0,179743,222849,1.24,155
2026-09-28 20:49,SPY,2026-09-29,765.5,768.0,0.327,31476300.0,66871,106494,1.593,151
2026-09-28 20:49,QQQ,2026-09-28,736.54,742.0,0.741,35896200.0,145737,286197,1.964,185
2026-09-28 20:49,QQQ,2026-09-29,736.54,740.0,0.47,16117900.0,54351,158959,2.925,182
2026-09-28 20:49,IWM,2026-09-28,280.05,282.0,0.696,2085800.0,90898,46864,0.516,62
2026-09-28 20:49,IWM,2026-09-29,280.05,283.0,1.053,1242400.0,19615,16133,0.822,58
2026-09-28 22:36,SPY,2026-09-28,765.5,770.0,0.588,32690400.0,179743,222849,1.24,155
2026-09-28 22:36,SPY,2026-09-29,765.5,768.0,0.327,31476300.0,66871,106494,1.593,151
2026-09-28 22:36,QQQ,2026-09-28,736.54,742.0,0.741,35896200.0,145737,286197,1.964,185
2026-09-28 22:36,QQQ,2026-09-29,736.54,740.0,0.47,16117900.0,54351,158959,2.925,182
2026-09-28 22:36,IWM,2026-09-28,280.05,282.0,0.696,2085800.0,90898,46864,0.516,62
2026-09-28 22:36,IWM,2026-09-29,280.05,283.0,1.053,1242400.0,19615,16133,0.822,58
2026-09-28 23:25,SPY,2026-09-28,765.5,770.0,0.588,32690400.0,179743,222849,1.24,155
2026-09-28 23:25,SPY,2026-09-29,765.5,768.0,0.327,31476300.0,66871,106494,1.593,151
2026-09-28 23:25,QQQ,2026-09-28,736.54,742.0,0.741,35896200.0,145737,286197,1.964,185
2026-09-28 23:25,QQQ,2026-09-29,736.54,740.0,0.47,16117900.0,54351,158959,2.925,182
2026-09-28 23:25,IWM,2026-09-28,280.05,282.0,0.696,2085800.0,90898,46864,0.516,62
2026-09-28 23:25,IWM,2026-09-29,280.05,283.0,1.053,1242400.0,19615,16133,0.822,58
2026-09-28 23:58,SPY,2026-09-28,765.5,770.0,0.588,32690400.0,179743,222849,1.24,155
2026-09-28 23:58,SPY,2026-09-29,765.5,768.0,0.327,31476300.0,66871,106494,1.593,151
2026-09-28 23:58,QQQ,2026-09-28,736.54,742.0,0.741,35896200.0,145737,286197,1.964,185
2026-09-28 23:58,QQQ,2026-09-29,736.54,740.0,0.47,16117900.0,54351,158959,2.925,182
2026-09-28 23:58,IWM,2026-09-28,280.05,282.0,0.696,2085800.0,90898,46864,0.516,62
2026-09-28 23:58,IWM,2026-09-29,280.05,283.0,1.053,1242400.0,19615,16133,0.822,58
2026-09-29 00:35,SPY,2026-09-29,765.5,768.0,0.327,31476300.0,66871,106494,1.593,151
2026-09-29 00:35,SPY,2026-09-30,765.5,761.0,-0.588,160248100.0,625600,1844045,2.948,319
2026-09-29 00:35,QQQ,2026-09-29,736.54,740.0,0.47,16117900.0,54351,158959,2.925,182
2026-09-29 00:35,QQQ,2026-09-30,736.54,726.0,-1.431,194153500.0,312806,545600,1.744,282
2026-09-29 00:35,IWM,2026-09-29,280.05,283.0,1.053,1242400.0,19615,16133,0.822,58
2026-09-29 00:35,IWM,2026-09-30,280.05,285.0,1.768,19541600.0,233276,264173,1.132,114
2026-09-29 18:52,SPY,2026-09-29,764.72,766.0,0.167,34143100.0,172164,206927,1.202,151
2026-09-29 18:52,SPY,2026-09-30,764.72,761.0,-0.486,156514400.0,647151,1857733,2.871,319
2026-09-29 18:52,QQQ,2026-09-29,738.68,736.0,-0.363,20162400.0,137662,262059,1.904,182
2026-09-29 18:52,QQQ,2026-09-30,738.68,726.0,-1.717,207258600.0,329997,588327,1.783,282
2026-09-29 18:52,IWM,2026-09-29,278.55,281.0,0.881,1630200.0,30005,30603,1.02,58
2026-09-29 18:52,IWM,2026-09-30,278.55,285.0,2.317,18359300.0,240602,255547,1.062,114
2026-09-29 19:39,SPY,2026-09-29,764.65,766.0,0.177,34143100.0,172164,206927,1.202,151
2026-09-29 19:39,SPY,2026-09-30,764.65,761.0,-0.477,156514400.0,647151,1857733,2.871,319
2026-09-29 19:39,QQQ,2026-09-29,738.28,736.0,-0.309,20162400.0,137662,262059,1.904,182
2026-09-29 19:39,QQQ,2026-09-30,738.28,726.0,-1.663,207258600.0,329997,588327,1.783,282
2026-09-29 19:39,IWM,2026-09-29,278.93,281.0,0.742,1630200.0,30005,30603,1.02,58
2026-09-29 19:39,IWM,2026-09-30,278.93,285.0,2.176,18359300.0,240602,255547,1.062,114
2026-09-29 21:29,SPY,2026-09-29,764.29,766.0,0.224,34143100.0,172164,206927,1.202,151
2026-09-29 21:29,SPY,2026-09-30,764.29,761.0,-0.43,156514400.0,647151,1857733,2.871,319
2026-09-29 21:29,QQQ,2026-09-29,737.96,736.0,-0.266,20162400.0,137662,262059,1.904,182
2026-09-29 21:29,QQQ,2026-09-30,737.96,726.0,-1.621,207258600.0,329997,588327,1.783,282
2026-09-29 21:29,IWM,2026-09-29,279.06,281.0,0.695,1630200.0,30005,30603,1.02,58
2026-09-29 21:29,IWM,2026-09-30,279.06,285.0,2.129,18359300.0,240602,255547,1.062,114
2026-09-29 22:30,SPY,2026-09-29,764.29,766.0,0.224,34143100.0,172164,206927,1.202,151
2026-09-29 22:30,SPY,2026-09-30,764.29,761.0,-0.43,156514400.0,647151,1857733,2.871,319
2026-09-29 22:30,QQQ,2026-09-29,737.96,736.0,-0.266,20162400.0,137662,262059,1.904,182
2026-09-29 22:30,QQQ,2026-09-30,737.96,726.0,-1.621,207258600.0,329997,588327,1.783,282
2026-09-29 22:30,IWM,2026-09-29,279.06,281.0,0.695,1630200.0,30005,30603,1.02,58
2026-09-29 22:30,IWM,2026-09-30,279.06,285.0,2.129,18359300.0,240602,255547,1.062,114
2026-09-29 23:14,SPY,2026-09-29,764.29,766.0,0.224,34143100.0,172164,206927,1.202,151
2026-09-29 23:14,SPY,2026-09-30,764.29,761.0,-0.43,156514400.0,647151,1857733,2.871,319
2026-09-29 23:14,QQQ,2026-09-29,737.96,736.0,-0.266,20162400.0,137662,262059,1.904,182
2026-09-29 23:14,QQQ,2026-09-30,737.96,726.0,-1.621,207258600.0,329997,588327,1.783,282
2026-09-29 23:14,IWM,2026-09-29,279.06,281.0,0.695,1630200.0,30005,30603,1.02,58
2026-09-29 23:14,IWM,2026-09-30,279.06,285.0,2.129,18359300.0,240602,255547,1.062,114
2026-09-29 23:58,SPY,2026-09-29,764.29,766.0,0.224,34143100.0,172164,206927,1.202,151
2026-09-29 23:58,SPY,2026-09-30,764.29,761.0,-0.43,156514400.0,647151,1857733,2.871,319
2026-09-29 23:58,QQQ,2026-09-29,737.96,736.0,-0.266,20162400.0,137662,262059,1.904,182
2026-09-29 23:58,QQQ,2026-09-30,737.96,726.0,-1.621,207258600.0,329997,588327,1.783,282
2026-09-29 23:58,IWM,2026-09-29,279.06,281.0,0.695,1630200.0,30005,30603,1.02,58
2026-09-29 23:58,IWM,2026-09-30,279.06,285.0,2.129,18359300.0,240602,255547,1.062,114
2026-09-30 18:35,SPY,2026-09-30,766.28,761.0,-0.688,155240000.0,739094,1921758,2.6,319
2026-09-30 18:35,SPY,2026-10-01,766.28,765.0,-0.166,35280500.0,96981,105240,1.085,139
2026-09-30 18:35,QQQ,2026-09-30,742.66,735.0,-1.031,211812000.0,337357,728377,2.159,282
2026-09-30 18:35,QQQ,2026-10-01,742.66,738.0,-0.627,13975400.0,80624,84730,1.051,169
2026-09-30 18:35,IWM,2026-09-30,278.94,285.0,2.173,19165500.0,263487,238889,0.907,114
2026-09-30 18:35,IWM,2026-10-01,278.94,281.0,0.739,2868500.0,100731,26084,0.259,61
2026-09-30 19:38,SPY,2026-09-30,765.83,761.0,-0.631,155240000.0,739094,1921758,2.6,319
2026-09-30 19:38,SPY,2026-10-01,765.83,765.0,-0.108,35280500.0,96981,105240,1.085,139
2026-09-30 19:38,QQQ,2026-09-30,743.23,735.0,-1.107,211812000.0,337357,728377,2.159,282
2026-09-30 19:38,QQQ,2026-10-01,743.23,738.0,-0.704,13975400.0,80624,84730,1.051,169
2026-09-30 19:38,IWM,2026-09-30,278.98,285.0,2.156,19165500.0,263487,238889,0.907,114
2026-09-30 19:38,IWM,2026-10-01,278.98,281.0,0.722,2868500.0,100731,26084,0.259,61
2026-09-30 21:30,SPY,2026-09-30,762.44,761.0,-0.189,155240000.0,739094,1921758,2.6,319
2026-09-30 21:30,SPY,2026-10-01,762.44,765.0,0.336,35280500.0,96981,105240,1.085,139
2026-09-30 21:30,QQQ,2026-09-30,739.7,735.0,-0.635,211812000.0,337357,728377,2.159,282
2026-09-30 21:30,QQQ,2026-10-01,739.7,738.0,-0.23,13975400.0,80624,84730,1.051,169
2026-09-30 21:30,IWM,2026-09-30,277.94,285.0,2.54,19165500.0,263487,238889,0.907,114
2026-09-30 21:30,IWM,2026-10-01,277.94,281.0,1.101,2868500.0,100731,26084,0.259,61
2026-09-30 22:28,SPY,2026-09-30,762.44,761.0,-0.189,155240000.0,739094,1921758,2.6,319
2026-09-30 22:28,SPY,2026-10-01,762.44,765.0,0.336,35280500.0,96981,105240,1.085,139
2026-09-30 22:28,QQQ,2026-09-30,739.7,735.0,-0.635,211812000.0,337357,728377,2.159,282
2026-09-30 22:28,QQQ,2026-10-01,739.7,738.0,-0.23,13975400.0,80624,84730,1.051,169
2026-09-30 22:28,IWM,2026-09-30,277.94,285.0,2.54,19165500.0,263487,238889,0.907,114
2026-09-30 22:28,IWM,2026-10-01,277.94,281.0,1.101,2868500.0,100731,26084,0.259,61
2026-09-30 23:14,SPY,2026-09-30,762.44,761.0,-0.189,155240000.0,739094,1921758,2.6,319
2026-09-30 23:14,SPY,2026-10-01,762.44,765.0,0.336,35280500.0,96981,105240,1.085,139
2026-09-30 23:14,QQQ,2026-09-30,739.7,735.0,-0.635,211812000.0,337357,728377,2.159,282
2026-09-30 23:14,QQQ,2026-10-01,739.7,738.0,-0.23,13975400.0,80624,84730,1.051,169
2026-09-30 23:14,IWM,2026-09-30,277.94,285.0,2.54,19165500.0,263487,238889,0.907,114
2026-09-30 23:14,IWM,2026-10-01,277.94,281.0,1.101,2868500.0,100731,26084,0.259,61
2026-10-01 00:11,SPY,2026-10-01,762.44,765.0,0.336,35280500.0,96981,105240,1.085,139
2026-10-01 00:11,SPY,2026-10-02,762.44,765.0,0.336,66471900.0,309938,486055,1.568,170
2026-10-01 00:11,QQQ,2026-10-01,739.7,738.0,-0.23,13975400.0,80624,84730,1.051,169
2026-10-01 00:11,QQQ,2026-10-02,739.7,730.0,-1.311,103158600.0,241941,461826,1.909,170
2026-10-01 00:11,IWM,2026-10-01,277.94,281.0,1.101,2868500.0,100731,26084,0.259,61
2026-10-01 00:11,IWM,2026-10-02,277.94,283.0,1.821,11890400.0,164906,199200,1.208,109
2026-10-01 19:02,SPY,2026-10-01,764.33,764.0,-0.043,40545600.0,192550,236772,1.23,139
2026-10-01 19:02,SPY,2026-10-02,764.33,765.0,0.088,86302100.0,351505,550331,1.566,170
2026-10-01 19:02,QQQ,2026-10-01,742.99,740.0,-0.402,21820400.0,158829,177904,1.12,169
2026-10-01 19:02,QQQ,2026-10-02,742.99,735.0,-1.075,126327700.0,257556,483619,1.878,170
2026-10-01 19:02,IWM,2026-10-01,279.05,280.0,0.339,1939000.0,123829,31726,0.256,61
2026-10-01 19:02,IWM,2026-10-02,279.05,283.0,1.414,11856050.0,180007,197840,1.099,109
2026-10-01 19:50,SPY,2026-10-01,765.12,764.0,-0.146,40545600.0,192550,236772,1.23,139
2026-10-01 19:50,SPY,2026-10-02,765.12,765.0,-0.016,86302100.0,351505,550331,1.566,170
2026-10-01 19:50,QQQ,2026-10-01,743.7,740.0,-0.498,21820400.0,158829,177904,1.12,169
2026-10-01 19:50,QQQ,2026-10-02,743.7,735.0,-1.17,126327700.0,257556,483619,1.878,170
2026-10-01 19:50,IWM,2026-10-01,279.14,280.0,0.308,1939000.0,123829,31726,0.256,61
2026-10-01 19:50,IWM,2026-10-02,279.14,283.0,1.383,11856050.0,180007,197840,1.099,109
2026-10-01 21:55,SPY,2026-10-01,764.02,764.0,-0.003,40545600.0,192550,236772,1.23,139
2026-10-01 21:55,SPY,2026-10-02,764.02,765.0,0.128,86302100.0,351505,550331,1.566,170
2026-10-01 21:55,QQQ,2026-10-01,742.04,740.0,-0.275,21820400.0,158829,177904,1.12,169
2026-10-01 21:55,QQQ,2026-10-02,742.04,735.0,-0.949,126327700.0,257556,483619,1.878,170
2026-10-01 21:55,IWM,2026-10-01,279.04,280.0,0.344,1939000.0,123829,31726,0.256,61
2026-10-01 21:55,IWM,2026-10-02,279.04,283.0,1.419,11856050.0,180007,197840,1.099,109
2026-10-01 22:49,SPY,2026-10-01,764.02,764.0,-0.003,40545600.0,192550,236772,1.23,139
2026-10-01 22:49,SPY,2026-10-02,764.02,765.0,0.128,86302100.0,351505,550331,1.566,170
2026-10-01 22:49,QQQ,2026-10-01,742.04,740.0,-0.275,21820400.0,158829,177904,1.12,169
2026-10-01 22:49,QQQ,2026-10-02,742.04,735.0,-0.949,126327700.0,257556,483619,1.878,170
2026-10-01 22:49,IWM,2026-10-01,279.04,280.0,0.344,1939000.0,123829,31726,0.256,61
2026-10-01 22:49,IWM,2026-10-02,279.04,283.0,1.419,11856050.0,180007,197840,1.099,109
2026-10-01 23:28,SPY,2026-10-01,764.02,764.0,-0.003,40545600.0,192550,236772,1.23,139
2026-10-01 23:28,SPY,2026-10-02,764.02,765.0,0.128,86302100.0,351505,550331,1.566,170
2026-10-01 23:28,QQQ,2026-10-01,742.04,740.0,-0.275,21820400.0,158829,177904,1.12,169
2026-10-01 23:28,QQQ,2026-10-02,742.04,735.0,-0.949,126327700.0,257556,483619,1.878,170
2026-10-01 23:28,IWM,2026-10-01,279.04,280.0,0.344,1939000.0,123829,31726,0.256,61
2026-10-01 23:28,IWM,2026-10-02,279.04,283.0,1.419,11856050.0,180007,197840,1.099,109
2026-10-02 00:15,SPY,2026-10-02,764.02,765.0,0.128,86302100.0,351505,550331,1.566,170
2026-10-02 00:15,SPY,2026-10-05,764.02,766.0,0.259,11814100.0,48374,76471,1.581,123
2026-10-02 00:15,QQQ,2026-10-02,742.04,735.0,-0.949,126327700.0,257556,483619,1.878,170
2026-10-02 00:15,QQQ,2026-10-05,742.04,740.0,-0.275,4765300.0,44047,119046,2.703,153
2026-10-02 00:15,IWM,2026-10-02,279.04,283.0,1.419,11856050.0,180007,197840,1.099,109
2026-10-02 00:15,IWM,2026-10-05,279.04,281.0,0.702,1116300.0,41828,22889,0.547,54
2026-10-02 18:41,SPY,2026-10-02,769.06,764.0,-0.658,90281500.0,415423,647529,1.559,170
2026-10-02 18:41,SPY,2026-10-05,769.06,763.0,-0.788,22912900.0,94408,100445,1.064,123
2026-10-02 18:41,QQQ,2026-10-02,748.53,738.0,-1.407,141229000.0,295445,607418,2.056,170
2026-10-02 18:41,QQQ,2026-10-05,748.53,740.0,-1.14,6309700.0,70842,174042,2.457,153
2026-10-02 18:41,IWM,2026-10-02,281.48,281.0,-0.171,12790700.0,199726,195796,0.98,109
2026-10-02 18:41,IWM,2026-10-05,281.48,280.0,-0.526,1637700.0,55557,28644,0.516,54
2026-10-02 19:31,SPY,2026-10-02,769.49,764.0,-0.713,90281500.0,415423,647529,1.559,170
2026-10-02 19:31,SPY,2026-10-05,769.49,763.0,-0.843,22912900.0,94408,100445,1.064,123
2026-10-02 19:31,QQQ,2026-10-02,749.44,738.0,-1.526,141229000.0,295445,607418,2.056,170
2026-10-02 19:31,QQQ,2026-10-05,749.44,740.0,-1.26,6309700.0,70842,174042,2.457,153
2026-10-02 19:31,IWM,2026-10-02,281.54,281.0,-0.192,12790700.0,199726,195796,0.98,109
2026-10-02 19:31,IWM,2026-10-05,281.54,280.0,-0.547,1637700.0,55557,28644,0.516,54
2026-10-02 21:24,SPY,2026-10-02,769.67,764.0,-0.737,90281500.0,415423,647529,1.559,170
2026-10-02 21:24,SPY,2026-10-05,769.67,763.0,-0.867,22912900.0,94408,100445,1.064,123
2026-10-02 21:24,QQQ,2026-10-02,749.53,738.0,-1.538,141229000.0,295445,607418,2.056,170
2026-10-02 21:24,QQQ,2026-10-05,749.53,740.0,-1.271,6309700.0,70842,174042,2.457,153
2026-10-02 21:24,IWM,2026-10-02,281.47,281.0,-0.167,12790700.0,199726,195796,0.98,109
2026-10-02 21:24,IWM,2026-10-05,281.47,280.0,-0.522,1637700.0,55557,28644,0.516,54
2026-10-02 22:26,SPY,2026-10-02,769.67,764.0,-0.737,90281500.0,415423,647529,1.559,170
2026-10-02 22:26,SPY,2026-10-05,769.67,763.0,-0.867,22912900.0,94408,100445,1.064,123
2026-10-02 22:26,QQQ,2026-10-02,749.53,738.0,-1.538,141229000.0,295445,607418,2.056,170
2026-10-02 22:26,QQQ,2026-10-05,749.53,740.0,-1.271,6309700.0,70842,174042,2.457,153
2026-10-02 22:26,IWM,2026-10-02,281.47,281.0,-0.167,12790700.0,199726,195796,0.98,109
2026-10-02 22:26,IWM,2026-10-05,281.47,280.0,-0.522,1637700.0,55557,28644,0.516,54
2026-10-02 23:18,SPY,2026-10-02,769.67,764.0,-0.737,90281500.0,415423,647529,1.559,170
2026-10-02 23:18,SPY,2026-10-05,769.67,763.0,-0.867,22912900.0,94408,100445,1.064,123
2026-10-02 23:18,QQQ,2026-10-02,749.53,738.0,-1.538,141229000.0,295445,607418,2.056,170
2026-10-02 23:18,QQQ,2026-10-05,749.53,740.0,-1.271,6309700.0,70842,174042,2.457,153
2026-10-02 23:18,IWM,2026-10-02,281.47,281.0,-0.167,12790700.0,199726,195796,0.98,109
2026-10-02 23:18,IWM,2026-10-05,281.47,280.0,-0.522,1637700.0,55557,28644,0.516,54
2026-10-03 00:00,SPY,2026-10-05,769.67,763.0,-0.867,22912900.0,94408,100445,1.064,123
2026-10-03 00:00,SPY,2026-10-06,769.67,765.0,-0.607,7054400.0,93361,59792,0.64,108
2026-10-03 00:00,QQQ,2026-10-05,749.53,740.0,-1.271,6309700.0,70842,174042,2.457,153
2026-10-03 00:00,QQQ,2026-10-06,749.53,739.0,-1.405,3511000.0,23088,58476,2.533,127
2026-10-03 00:00,IWM,2026-10-05,281.47,280.0,-0.522,1637700.0,55557,28644,0.516,54
2026-10-03 00:00,IWM,2026-10-06,281.47,280.0,-0.522,622450.0,25937,11748,0.453,53
2026-10-05 21:14,SPY,2026-10-05,774.94,768.0,-0.896,43969800.0,176922,264203,1.493,149
2026-10-05 21:14,SPY,2026-10-06,774.94,768.0,-0.896,19006200.0,155456,87681,0.564,144
2026-10-05 21:14,QQQ,2026-10-05,756.15,749.0,-0.946,20407300.0,115573,289897,2.508,156
2026-10-05 21:14,QQQ,2026-10-06,756.15,745.0,-1.475,9877800.0,33673,103323,3.068,137
2026-10-05 21:14,IWM,2026-10-05,283.39,280.0,-1.196,2365100.0,61448,48651,0.792,61
2026-10-05 21:14,IWM,2026-10-06,283.39,281.0,-0.843,1400050.0,28559,15825,0.554,65
2026-10-05 21:38,SPY,2026-10-05,774.94,768.0,-0.896,43969800.0,176922,264203,1.493,149
2026-10-05 21:38,SPY,2026-10-06,774.94,768.0,-0.896,19006200.0,155456,87681,0.564,144
2026-10-05 21:38,QQQ,2026-10-05,756.15,749.0,-0.946,20407300.0,115573,289897,2.508,156
2026-10-05 21:38,QQQ,2026-10-06,756.15,745.0,-1.475,9877800.0,33673,103323,3.068,137
2026-10-05 21:38,IWM,2026-10-05,283.39,280.0,-1.196,2365100.0,61448,48651,0.792,61
2026-10-05 21:38,IWM,2026-10-06,283.39,281.0,-0.843,1400050.0,28559,15825,0.554,65
2026-10-05 23:16,SPY,2026-10-05,774.94,768.0,-0.896,43969800.0,176922,264203,1.493,149
2026-10-05 23:16,SPY,2026-10-06,774.94,768.0,-0.896,19006200.0,155456,87681,0.564,144
2026-10-05 23:16,QQQ,2026-10-05,756.15,749.0,-0.946,20407300.0,115573,289897,2.508,156
2026-10-05 23:16,QQQ,2026-10-06,756.15,745.0,-1.475,9877800.0,33673,103323,3.068,137
2026-10-05 23:16,IWM,2026-10-05,283.39,280.0,-1.196,2365100.0,61448,48651,0.792,61
2026-10-05 23:16,IWM,2026-10-06,283.39,281.0,-0.843,1400050.0,28559,15825,0.554,65
2026-10-06 00:13,SPY,2026-10-06,774.94,768.0,-0.896,19006200.0,155456,87681,0.564,144
2026-10-06 00:13,SPY,2026-10-07,774.94,768.0,-0.896,13209200.0,123501,113498,0.919,144
2026-10-06 00:13,QQQ,2026-10-06,756.15,745.0,-1.475,9877800.0,33673,103323,3.068,137
2026-10-06 00:13,QQQ,2026-10-07,756.15,743.0,-1.739,9277800.0,38283,77644,2.028,138
2026-10-06 00:13,IWM,2026-10-06,283.39,281.0,-0.843,1400050.0,28559,15825,0.554,65
2026-10-06 00:13,IWM,2026-10-07,283.39,280.0,-1.196,1061900.0,20049,14107,0.704,64
2026-10-06 00:59,SPY,2026-10-06,774.94,768.0,-0.896,19006200.0,155456,87681,0.564,144
2026-10-06 00:59,SPY,2026-10-07,774.94,768.0,-0.896,13209200.0,123501,113498,0.919,144
2026-10-06 00:59,QQQ,2026-10-06,756.15,745.0,-1.475,9877800.0,33673,103323,3.068,137
2026-10-06 00:59,QQQ,2026-10-07,756.15,743.0,-1.739,9277800.0,38283,77644,2.028,138
2026-10-06 00:59,IWM,2026-10-06,283.39,281.0,-0.843,1400050.0,28559,15825,0.554,65
2026-10-06 00:59,IWM,2026-10-07,283.39,280.0,-1.196,1061900.0,20049,14107,0.704,64
2026-10-06 01:30,SPY,2026-10-06,774.94,768.0,-0.896,19006200.0,155456,87681,0.564,144
2026-10-06 01:30,SPY,2026-10-07,774.94,768.0,-0.896,13209200.0,123501,113498,0.919,144
2026-10-06 01:30,QQQ,2026-10-06,756.15,745.0,-1.475,9877800.0,33673,103323,3.068,137
2026-10-06 01:30,QQQ,2026-10-07,756.15,743.0,-1.739,9277800.0,38283,77644,2.028,138
2026-10-06 01:30,IWM,2026-10-06,283.39,281.0,-0.843,1400050.0,28559,15825,0.554,65
2026-10-06 01:30,IWM,2026-10-07,283.39,280.0,-1.196,1061900.0,20049,14107,0.704,64
2026-10-06 19:05,SPY,2026-10-06,780.23,772.0,-1.055,37429800.0,278576,256683,0.921,144
2026-10-06 19:05,SPY,2026-10-07,780.23,771.0,-1.183,21400600.0,146199,171343,1.172,144
2026-10-06 19:05,QQQ,2026-10-06,760.99,754.0,-0.919,23782600.0,86058,272605,3.168,137
2026-10-06 19:05,QQQ,2026-10-07,760.99,750.0,-1.444,14604900.0,63192,113374,1.794,138
2026-10-06 19:05,IWM,2026-10-06,281.43,282.0,0.203,2042550.0,40382,40180,0.995,65
2026-10-06 19:05,IWM,2026-10-07,281.43,280.0,-0.508,1645000.0,33580,17558,0.523,64
2026-10-06 19:50,SPY,2026-10-06,779.41,772.0,-0.951,37429800.0,278576,256683,0.921,144
2026-10-06 19:50,SPY,2026-10-07,779.41,771.0,-1.079,21400600.0,146199,171343,1.172,144
2026-10-06 19:50,QQQ,2026-10-06,760.24,754.0,-0.821,23782600.0,86058,272605,3.168,137
2026-10-06 19:50,QQQ,2026-10-07,760.24,750.0,-1.347,14604900.0,63192,113374,1.794,138
2026-10-06 19:50,IWM,2026-10-06,280.94,282.0,0.377,2042550.0,40382,40180,0.995,65
2026-10-06 19:50,IWM,2026-10-07,280.94,280.0,-0.335,1645000.0,33580,17558,0.523,64
2026-10-06 21:47,SPY,2026-10-06,779.14,772.0,-0.916,37429800.0,278576,256683,0.921,144
2026-10-06 21:47,SPY,2026-10-07,779.14,771.0,-1.045,21400600.0,146199,171343,1.172,144
2026-10-06 21:47,QQQ,2026-10-06,759.61,754.0,-0.739,23782600.0,86058,272605,3.168,137
2026-10-06 21:47,QQQ,2026-10-07,759.61,750.0,-1.265,14604900.0,63192,113374,1.794,138
2026-10-06 21:47,IWM,2026-10-06,281.32,282.0,0.242,2042550.0,40382,40180,0.995,65
2026-10-06 21:47,IWM,2026-10-07,281.32,280.0,-0.469,1645000.0,33580,17558,0.523,64
2026-10-06 22:44,SPY,2026-10-06,779.14,772.0,-0.916,37429800.0,278576,256683,0.921,144
2026-10-06 22:44,SPY,2026-10-07,779.14,771.0,-1.045,21400600.0,146199,171343,1.172,144
2026-10-06 22:44,QQQ,2026-10-06,759.61,754.0,-0.739,23782600.0,86058,272605,3.168,137
2026-10-06 22:44,QQQ,2026-10-07,759.61,750.0,-1.265,14604900.0,63192,113374,1.794,138
2026-10-06 22:44,IWM,2026-10-06,281.32,282.0,0.242,2042550.0,40382,40180,0.995,65
2026-10-06 22:44,IWM,2026-10-07,281.32,280.0,-0.469,1645000.0,33580,17558,0.523,64
2026-10-06 23:21,SPY,2026-10-06,779.14,772.0,-0.916,37429800.0,278576,256683,0.921,144
2026-10-06 23:21,SPY,2026-10-07,779.14,771.0,-1.045,21400600.0,146199,171343,1.172,144
2026-10-06 23:21,QQQ,2026-10-06,759.61,754.0,-0.739,23782600.0,86058,272605,3.168,137
2026-10-06 23:21,QQQ,2026-10-07,759.61,750.0,-1.265,14604900.0,63192,113374,1.794,138
2026-10-06 23:21,IWM,2026-10-06,281.32,282.0,0.242,2042550.0,40382,40180,0.995,65
2026-10-06 23:21,IWM,2026-10-07,281.32,280.0,-0.469,1645000.0,33580,17558,0.523,64
2026-10-07 00:10,SPY,2026-10-07,779.14,771.0,-1.045,21400600.0,146199,171343,1.172,144
2026-10-07 00:10,SPY,2026-10-08,779.14,770.0,-1.173,8855500.0,62829,84604,1.347,135
2026-10-07 00:10,QQQ,2026-10-07,759.61,750.0,-1.265,14604900.0,63192,113374,1.794,138
2026-10-07 00:10,QQQ,2026-10-08,759.61,749.0,-1.397,12287200.0,25982,85693,3.298,139
2026-10-07 00:10,IWM,2026-10-07,281.32,280.0,-0.469,1645000.0,33580,17558,0.523,64
2026-10-07 00:10,IWM,2026-10-08,281.32,281.0,-0.114,822800.0,12329,52061,4.223,56
2026-10-07 19:32,SPY,2026-10-07,777.05,778.0,0.122,42744900.0,234754,306884,1.307,144
2026-10-07 19:32,SPY,2026-10-08,777.05,775.0,-0.264,17325500.0,74918,113177,1.511,135
2026-10-07 19:32,QQQ,2026-10-07,757.15,758.0,0.113,30019900.0,103656,235900,2.276,138
2026-10-07 19:32,QQQ,2026-10-08,757.15,755.0,-0.283,19685100.0,34845,129145,3.706,139
2026-10-07 19:32,IWM,2026-10-07,277.88,281.0,1.125,2546100.0,54295,33509,0.617,64
2026-10-07 19:32,IWM,2026-10-08,277.88,282.0,1.484,1415800.0,16390,55241,3.37,56
2026-10-07 20:09,SPY,2026-10-07,777.15,778.0,0.109,42744900.0,234754,306884,1.307,144
2026-10-07 20:09,SPY,2026-10-08,777.15,775.0,-0.277,17325500.0,74918,113177,1.511,135
2026-10-07 20:09,QQQ,2026-10-07,757.71,758.0,0.038,30019900.0,103656,235900,2.276,138
2026-10-07 20:09,QQQ,2026-10-08,757.71,755.0,-0.358,19685100.0,34845,129145,3.706,139
2026-10-07 20:09,IWM,2026-10-07,277.72,281.0,1.181,2546100.0,54295,33509,0.617,64
2026-10-07 20:09,IWM,2026-10-08,277.72,282.0,1.541,1415800.0,16390,55241,3.37,56
2026-10-07 22:10,SPY,2026-10-07,777.14,778.0,0.111,42744900.0,234754,306884,1.307,144
2026-10-07 22:10,SPY,2026-10-08,777.14,775.0,-0.275,17325500.0,74918,113177,1.511,135
2026-10-07 22:10,QQQ,2026-10-07,757.71,758.0,0.038,30019900.0,103656,235900,2.276,138
2026-10-07 22:10,QQQ,2026-10-08,757.71,755.0,-0.358,19685100.0,34845,129145,3.706,139
2026-10-07 22:10,IWM,2026-10-07,277.72,281.0,1.181,2546100.0,54295,33509,0.617,64
2026-10-07 22:10,IWM,2026-10-08,277.72,282.0,1.541,1415800.0,16390,55241,3.37,56
2026-10-07 23:14,SPY,2026-10-07,777.14,778.0,0.111,42744900.0,234754,306884,1.307,144
2026-10-07 23:14,SPY,2026-10-08,777.14,775.0,-0.275,17325500.0,74918,113177,1.511,135
2026-10-07 23:14,QQQ,2026-10-07,757.71,758.0,0.038,30019900.0,103656,235900,2.276,138
2026-10-07 23:14,QQQ,2026-10-08,757.71,755.0,-0.358,19685100.0,34845,129145,3.706,139
2026-10-07 23:14,IWM,2026-10-07,277.72,281.0,1.181,2546100.0,54295,33509,0.617,64
2026-10-07 23:14,IWM,2026-10-08,277.72,282.0,1.541,1415800.0,16390,55241,3.37,56
2026-10-07 23:53,SPY,2026-10-07,777.14,778.0,0.111,42744900.0,234754,306884,1.307,144
2026-10-07 23:53,SPY,2026-10-08,777.14,775.0,-0.275,17325500.0,74918,113177,1.511,135
2026-10-07 23:53,QQQ,2026-10-07,757.71,758.0,0.038,30019900.0,103656,235900,2.276,138
2026-10-07 23:53,QQQ,2026-10-08,757.71,755.0,-0.358,19685100.0,34845,129145,3.706,139
2026-10-07 23:53,IWM,2026-10-07,277.72,281.0,1.181,2546100.0,54295,33509,0.617,64
2026-10-07 23:53,IWM,2026-10-08,277.72,282.0,1.541,1415800.0,16390,55241,3.37,56
2026-10-08 00:25,SPY,2026-10-08,777.14,775.0,-0.275,17325500.0,74918,113177,1.511,135
2026-10-08 00:25,SPY,2026-10-09,777.14,772.0,-0.661,146392400.0,511925,629020,1.229,167
2026-10-08 00:25,QQQ,2026-10-08,757.71,755.0,-0.358,19685100.0,34845,129145,3.706,139
2026-10-08 00:25,QQQ,2026-10-09,757.71,750.0,-1.018,115763800.0,179821,355269,1.976,173
2026-10-08 00:25,IWM,2026-10-08,277.72,282.0,1.541,1415800.0,16390,55241,3.37,56
2026-10-08 00:25,IWM,2026-10-09,277.72,282.0,1.541,9425300.0,139394,184213,1.322,104
2026-10-08 19:26,SPY,2026-10-08,773.88,776.0,0.274,21645600.0,177752,337573,1.899,135
2026-10-08 19:26,SPY,2026-10-09,773.88,773.0,-0.114,147241600.0,549791,707895,1.288,167
2026-10-08 19:26,QQQ,2026-10-08,747.23,756.0,1.174,22824300.0,90882,222375,2.447,139
2026-10-08 19:26,QQQ,2026-10-09,747.23,751.0,0.505,115081100.0,195447,394716,2.02,173
2026-10-08 19:26,IWM,2026-10-08,277.71,279.0,0.465,1870500.0,36215,71156,1.965,56
2026-10-08 19:26,IWM,2026-10-09,277.71,280.0,0.825,7975400.0,164410,178184,1.084,104
2026-10-08 20:09,SPY,2026-10-08,773.88,776.0,0.274,21645600.0,177752,337573,1.899,135
2026-10-08 20:09,SPY,2026-10-09,773.88,773.0,-0.114,147241600.0,549791,707895,1.288,167
2026-10-08 20:09,QQQ,2026-10-08,747.57,756.0,1.128,22824300.0,90882,222375,2.447,139
2026-10-08 20:09,QQQ,2026-10-09,747.57,751.0,0.459,115081100.0,195447,394716,2.02,173
2026-10-08 20:09,IWM,2026-10-08,277.57,279.0,0.515,1870500.0,36215,71156,1.965,56
2026-10-08 20:09,IWM,2026-10-09,277.57,280.0,0.875,7975400.0,164410,178184,1.084,104
2026-10-08 22:17,SPY,2026-10-08,773.89,776.0,0.273,21645600.0,177752,337573,1.899,135
2026-10-08 22:17,SPY,2026-10-09,773.89,773.0,-0.115,147241600.0,549791,707895,1.288,167
2026-10-08 22:17,QQQ,2026-10-08,747.57,756.0,1.128,22824300.0,90882,222375,2.447,139
2026-10-08 22:17,QQQ,2026-10-09,747.57,751.0,0.459,115081100.0,195447,394716,2.02,173
2026-10-08 22:17,IWM,2026-10-08,277.57,279.0,0.515,1870500.0,36215,71156,1.965,56
2026-10-08 22:17,IWM,2026-10-09,277.57,280.0,0.875,7975400.0,164410,178184,1.084,104
2026-10-08 23:29,SPY,2026-10-08,773.89,776.0,0.273,21645600.0,177752,337573,1.899,135
2026-10-08 23:29,SPY,2026-10-09,773.89,773.0,-0.115,147241600.0,549791,707895,1.288,167
2026-10-08 23:29,QQQ,2026-10-08,747.57,756.0,1.128,22824300.0,90882,222375,2.447,139
2026-10-08 23:29,QQQ,2026-10-09,747.57,751.0,0.459,115081100.0,195447,394716,2.02,173
2026-10-08 23:29,IWM,2026-10-08,277.57,279.0,0.515,1870500.0,36215,71156,1.965,56
2026-10-08 23:29,IWM,2026-10-09,277.57,280.0,0.875,7975400.0,164410,178184,1.084,104
2026-10-08 23:59,SPY,2026-10-08,773.89,776.0,0.273,21645600.0,177752,337573,1.899,135
2026-10-08 23:59,SPY,2026-10-09,773.89,773.0,-0.115,147241600.0,549791,707895,1.288,167
2026-10-08 23:59,QQQ,2026-10-08,747.57,756.0,1.128,22824300.0,90882,222375,2.447,139
2026-10-08 23:59,QQQ,2026-10-09,747.57,751.0,0.459,115081100.0,195447,394716,2.02,173
2026-10-08 23:59,IWM,2026-10-08,277.57,279.0,0.515,1870500.0,36215,71156,1.965,56
2026-10-08 23:59,IWM,2026-10-09,277.57,280.0,0.875,7975400.0,164410,178184,1.084,104
2026-10-09 00:41,SPY,2026-10-09,773.89,773.0,-0.115,147241600.0,549791,707895,1.288,182
2026-10-09 00:41,SPY,2026-10-12,773.89,775.0,0.143,12397700.0,64273,107979,1.68,139
2026-10-09 00:41,QQQ,2026-10-09,747.57,751.0,0.459,115081100.0,195447,394716,2.02,173
2026-10-09 00:41,QQQ,2026-10-12,747.57,753.0,0.726,8852700.0,30225,125803,4.162,149
2026-10-09 00:41,IWM,2026-10-09,277.57,280.0,0.875,7975400.0,164410,178184,1.084,104
2026-10-09 00:41,IWM,2026-10-12,277.57,280.0,0.875,1327000.0,22489,28961,1.288,57
2026-10-09 19:00,SPY,2026-10-09,779.01,772.0,-0.899,135982100.0,643985,858952,1.334,182
2026-10-09 19:00,SPY,2026-10-12,779.01,774.0,-0.642,13800900.0,97897,147681,1.509,139
2026-10-09 19:00,QQQ,2026-10-09,751.32,748.0,-0.442,94934000.0,251854,533706,2.119,173
2026-10-09 19:00,QQQ,2026-10-12,751.32,750.0,-0.176,11330800.0,68836,156277,2.27,149
2026-10-09 19:00,IWM,2026-10-09,279.51,279.0,-0.182,8544700.0,203178,171605,0.845,104
2026-10-09 19:00,IWM,2026-10-12,279.51,279.0,-0.182,2454400.0,32399,29728,0.918,57
2026-10-09 19:47,SPY,2026-10-09,778.57,772.0,-0.844,135982100.0,643985,858952,1.334,182
2026-10-09 19:47,SPY,2026-10-12,778.57,774.0,-0.587,13800900.0,97897,147681,1.509,139
2026-10-09 19:47,QQQ,2026-10-09,750.76,748.0,-0.368,94934000.0,251854,533706,2.119,173
2026-10-09 19:47,QQQ,2026-10-12,750.76,750.0,-0.101,11330800.0,68836,156277,2.27,149
2026-10-09 19:47,IWM,2026-10-09,279.1,279.0,-0.034,8544700.0,203178,171605,0.845,104
2026-10-09 19:47,IWM,2026-10-12,279.1,279.0,-0.034,2454400.0,32399,29728,0.918,57
2026-10-09 21:49,SPY,2026-10-09,778.53,772.0,-0.839,135982100.0,643985,858952,1.334,167
2026-10-09 21:49,SPY,2026-10-12,778.53,774.0,-0.582,13800900.0,97897,147681,1.509,126
2026-10-09 21:49,QQQ,2026-10-09,751.24,748.0,-0.431,94934000.0,251854,533706,2.119,173
2026-10-09 21:49,QQQ,2026-10-12,751.24,750.0,-0.165,11330800.0,68836,156277,2.27,149
2026-10-09 21:49,IWM,2026-10-09,278.93,279.0,0.025,8544700.0,203178,171605,0.845,104
2026-10-09 21:49,IWM,2026-10-12,278.93,279.0,0.025,2454400.0,32399,29728,0.918,55
2026-10-09 22:47,SPY,2026-10-09,778.53,772.0,-0.839,135982100.0,643985,858952,1.334,182
2026-10-09 22:47,SPY,2026-10-12,778.53,774.0,-0.582,13800900.0,97897,147681,1.509,139
2026-10-09 22:47,QQQ,2026-10-09,751.24,748.0,-0.431,94934000.0,251854,533706,2.119,173
2026-10-09 22:47,QQQ,2026-10-12,751.24,750.0,-0.165,11330800.0,68836,156277,2.27,149
2026-10-09 22:47,IWM,2026-10-09,278.93,279.0,0.025,8544700.0,203178,171605,0.845,104
2026-10-09 22:47,IWM,2026-10-12,278.93,279.0,0.025,2454400.0,32399,29728,0.918,57
2026-10-09 23:35,SPY,2026-10-09,778.53,772.0,-0.839,135982100.0,643985,858952,1.334,182
2026-10-09 23:35,SPY,2026-10-12,778.53,774.0,-0.582,13800900.0,97897,147681,1.509,139
2026-10-09 23:35,QQQ,2026-10-09,751.24,748.0,-0.431,94934000.0,251854,533706,2.119,173
2026-10-09 23:35,QQQ,2026-10-12,751.24,750.0,-0.165,11330800.0,68836,156277,2.27,149
2026-10-09 23:35,IWM,2026-10-09,278.93,279.0,0.025,8544700.0,203178,171605,0.845,104
2026-10-09 23:35,IWM,2026-10-12,278.93,279.0,0.025,2454400.0,32399,29728,0.918,57
2026-10-10 00:20,SPY,2026-10-12,778.53,774.0,-0.582,13800900.0,97897,147681,1.509,126
2026-10-10 00:20,SPY,2026-10-13,778.53,774.0,-0.582,8459400.0,60619,89833,1.482,108
2026-10-10 00:20,QQQ,2026-10-12,751.24,750.0,-0.165,11330800.0,68836,156277,2.27,149
2026-10-10 00:20,QQQ,2026-10-13,751.24,750.0,-0.165,5588900.0,26222,90846,3.464,145
2026-10-10 00:20,IWM,2026-10-12,278.93,279.0,0.025,2454400.0,32399,29728,0.918,55
2026-10-10 00:20,IWM,2026-10-13,278.93,280.0,0.384,849300.0,17149,16535,0.964,50
